{
    "m_Dictionary": {
        "m_DictionaryValues": [
            {
                "type": "UnityEngine.ProBuilder.LogLevel, Unity.ProBuilder, Version=0.0.0.0, Culture=neutral, PublicKeyToken=null",
                "key": "log.level",
                "value": "{\"m_Value\":3}"
            },
            {
                "type": "UnityEngine.ProBuilder.LogOutput, Unity.ProBuilder, Version=0.0.0.0, Culture=neutral, PublicKeyToken=null",
                "key": "log.output",
                "value": "{\"m_Value\":1}"
            },
            {
                "type": "System.String, mscorlib, Version=2.0.0.0, Culture=neutral, PublicKeyToken=b77a5c561934e089",
                "key": "log.path",
                "value": "{\"m_Value\":\"ProBuilderLog.txt\"}"
            },
            {
                "type": "UnityEngine.ProBuilder.SemVer, Unity.ProBuilder, Version=0.0.0.0, Culture=neutral, PublicKeyToken=null",
                "key": "about.identifier",
                "value": "{\"m_Value\":{\"m_Major\":4,\"m_Minor\":0,\"m_Patch\":3,\"m_Build\":-1,\"m_Type\":\"\",\"m_Metadata\":\"\",\"m_Date\":\"2019/01/25\"}}"
            },
            {
                "type": "UnityEngine.ProBuilder.SemVer, Unity.ProBuilder, Version=0.0.0.0, Culture=neutral, PublicKeyToken=null",
                "key": "preferences.version",
                "value": "{\"m_Value\":{\"m_Major\":4,\"m_Minor\":0,\"m_Patch\":3,\"m_Build\":-1,\"m_Type\":\"\",\"m_Metadata\":\"\",\"m_Date\":\"2019/01/25\"}}"
            }
        ]
    }
}